﻿<?xml version="1.0" encoding="UTF-8" standalone="yes"?>
<addon id="repository.AnimeDazora" name="AnimeDazora repository" version="0.0.4" provider-name="AnimeDazora">
	<extension point="xbmc.addon.repository" name="AnimeDazora Repository">
		<info compressed="false">https://raw.githubusercontent.com/arrezende/AnimeDazora/master/addons.xml</info>
		<checksum>https://raw.githubusercontent.com/arrezende/AnimeDazora/master/addons.xml.md5</checksum>
		<datadir zip="true">https://raw.githubusercontent.com/arrezende/AnimeDazora/master/repo/</datadir>
	</extension>
	<extension point="xbmc.addon.metadata">
		<summary>Anime Dazora</summary>
		<description>Porque Anime é Dazora</description>
		<disclaimer></disclaimer>
		<platform>all</platform>
	</extension>
</addon>